-- Active: 1715697529039@@127.0.0.1@5432@hkrecruitment@public

# Recruitment Session
INSERT INTO "recruitment_session" 
    ("id","state","slot_duration","last_modified","created_at","days","interview_start","interview_end")
VALUES
    (1, 'concluded', 1,  '2024-04-10', '2024-04-04', ARRAY['2024-04-05', '2024-04-06', '2024-04-07', '2024-04-08', '2024-04-09']::date[], '2024-04-05', '2024-04-10'),
    (2, 'concluded', 1,  '2024-05-10', '2024-05-04', ARRAY['2024-05-05', '2024-05-06', '2024-05-07', '2024-05-08']::date[], '2024-05-05', '2024-05-09'),
    (3, 'active',    1,  '2024-05-14', '2024-05-14', ARRAY['2024-05-16', '2024-05-17', '2024-05-18', '2024-05-19', '2024-05-20']::date[], '2024-05-16', '2024-05-21')
;



# Time Slots
INSERT INTO "time_slot"
    ("id","start","end","recruitmentSessionId") 
VALUES
    (1,  '2024-04-05 10:00:00', '2024-05-21 11:00:00', 1),
    (2,  '2024-04-05 11:00:00', '2024-05-21 12:00:00', 1),
    (3,  '2024-04-05 15:00:00', '2024-05-21 16:00:00', 1),
    (4,  '2024-04-05 16:00:00', '2024-05-21 17:00:00', 1),
    (5,  '2024-04-05 17:00:00', '2024-05-21 18:00:00', 1),
    (6,  '2024-04-05 18:00:00', '2024-05-21 19:00:00', 1),
    (7,  '2024-04-06 10:00:00', '2024-06-21 11:00:00', 1),
    (8,  '2024-04-06 11:00:00', '2024-06-21 12:00:00', 1),
    (9,  '2024-04-06 15:00:00', '2024-06-21 16:00:00', 1),
    (10, '2024-04-06 16:00:00', '2024-06-21 17:00:00', 1),
    (11, '2024-04-06 17:00:00', '2024-06-21 18:00:00', 1),
    (12, '2024-04-06 18:00:00', '2024-06-21 19:00:00', 1),
    (13, '2024-04-07 10:00:00', '2024-07-21 11:00:00', 1),
    (14, '2024-04-07 11:00:00', '2024-07-21 12:00:00', 1),
    (15, '2024-04-07 15:00:00', '2024-07-21 16:00:00', 1),
    (16, '2024-04-07 16:00:00', '2024-07-21 17:00:00', 1),
    (17, '2024-04-07 17:00:00', '2024-07-21 18:00:00', 1),
    (18, '2024-04-07 18:00:00', '2024-07-21 19:00:00', 1),
    (19, '2024-04-08 10:00:00', '2024-08-21 11:00:00', 1),
    (20, '2024-04-08 11:00:00', '2024-08-21 12:00:00', 1),
    (21, '2024-04-08 15:00:00', '2024-08-21 16:00:00', 1),
    (22, '2024-04-08 16:00:00', '2024-08-21 17:00:00', 1),
    (23, '2024-04-08 17:00:00', '2024-08-21 18:00:00', 1),
    (24, '2024-04-08 18:00:00', '2024-08-21 19:00:00', 1),
    (25, '2024-04-09 10:00:00', '2024-09-21 11:00:00', 1),
    (26, '2024-04-09 11:00:00', '2024-09-21 12:00:00', 1),
    (27, '2024-04-09 15:00:00', '2024-09-21 16:00:00', 1),
    (28, '2024-04-09 16:00:00', '2024-09-21 17:00:00', 1),
    (29, '2024-04-09 17:00:00', '2024-09-21 18:00:00', 1),
    (30, '2024-04-09 18:00:00', '2024-09-21 19:00:00', 1),
    (31, '2024-05-05 10:00:00', '2024-05-05 11:00:00', 2),
    (32, '2024-05-05 11:00:00', '2024-05-05 12:00:00', 2),
    (33, '2024-05-05 15:00:00', '2024-05-05 16:00:00', 2),
    (34, '2024-05-05 16:00:00', '2024-05-05 17:00:00', 2),
    (35, '2024-05-05 17:00:00', '2024-05-05 18:00:00', 2),
    (36, '2024-05-05 18:00:00', '2024-05-05 19:00:00', 2),
    (37, '2024-05-06 10:00:00', '2024-05-06 11:00:00', 2),
    (38, '2024-05-06 11:00:00', '2024-05-06 12:00:00', 2),
    (39, '2024-05-06 15:00:00', '2024-05-06 16:00:00', 2),
    (40, '2024-05-06 16:00:00', '2024-05-06 17:00:00', 2),
    (41, '2024-05-06 17:00:00', '2024-05-06 18:00:00', 2),
    (42, '2024-05-06 18:00:00', '2024-05-06 19:00:00', 2),
    (43, '2024-05-07 10:00:00', '2024-05-07 11:00:00', 2),
    (44, '2024-05-07 11:00:00', '2024-05-07 12:00:00', 2),
    (45, '2024-05-07 15:00:00', '2024-05-07 16:00:00', 2),
    (46, '2024-05-07 16:00:00', '2024-05-07 17:00:00', 2),
    (47, '2024-05-07 17:00:00', '2024-05-07 18:00:00', 2),
    (48, '2024-05-07 18:00:00', '2024-05-07 19:00:00', 2),
    (49, '2024-05-08 10:00:00', '2024-05-08 11:00:00', 2),
    (50, '2024-05-08 11:00:00', '2024-05-08 12:00:00', 2),
    (51, '2024-05-16 10:00:00', '2024-05-16 11:00:00', 3),
    (52, '2024-05-16 11:00:00', '2024-05-16 12:00:00', 3),
    (53, '2024-05-16 15:00:00', '2024-05-16 16:00:00', 3),
    (54, '2024-05-16 16:00:00', '2024-05-16 17:00:00', 3),
    (55, '2024-05-16 17:00:00', '2024-05-16 18:00:00', 3),
    (56, '2024-05-16 18:00:00', '2024-05-16 19:00:00', 3),
    (57, '2024-05-17 10:00:00', '2024-05-17 11:00:00', 3),
    (58, '2024-05-17 11:00:00', '2024-05-17 12:00:00', 3),
    (59, '2024-05-17 15:00:00', '2024-05-17 16:00:00', 3),
    (60, '2024-05-17 16:00:00', '2024-05-17 17:00:00', 3),
    (61, '2024-05-17 17:00:00', '2024-05-17 18:00:00', 3),
    (62, '2024-05-17 18:00:00', '2024-05-17 19:00:00', 3),
    (63, '2024-05-18 10:00:00', '2024-05-18 11:00:00', 3),
    (64, '2024-05-18 11:00:00', '2024-05-18 12:00:00', 3),
    (65, '2024-05-18 15:00:00', '2024-05-18 16:00:00', 3),
    (66, '2024-05-18 16:00:00', '2024-05-18 17:00:00', 3),
    (67, '2024-05-18 17:00:00', '2024-05-18 18:00:00', 3),
    (68, '2024-05-18 18:00:00', '2024-05-18 19:00:00', 3),
    (69, '2024-05-19 10:00:00', '2024-05-19 11:00:00', 3),
    (70, '2024-05-19 11:00:00', '2024-05-19 12:00:00', 3),
    (71, '2024-05-19 15:00:00', '2024-05-19 16:00:00', 3),
    (72, '2024-05-19 16:00:00', '2024-05-19 17:00:00', 3),
    (73, '2024-05-19 17:00:00', '2024-05-19 18:00:00', 3),
    (74, '2024-05-19 18:00:00', '2024-05-19 19:00:00', 3),
    (75, '2024-05-20 10:00:00', '2024-05-20 11:00:00', 3),
    (76, '2024-05-20 11:00:00', '2024-05-20 12:00:00', 3),
    (77, '2024-05-20 15:00:00', '2024-05-20 16:00:00', 3),
    (78, '2024-05-20 16:00:00', '2024-05-20 17:00:00', 3),
    (79, '2024-05-20 17:00:00', '2024-05-20 18:00:00', 3),
    (80, '2024-05-20 18:00:00', '2024-05-20 19:00:00', 3)
;


INSERT INTO "user"
    ("oauthId","firstName","lastName","sex","email","phone_no","telegramId","role","is_board","is_expert")
VALUES  
    ('1',  'Pasquale',   'Bianco',  'male',    'p.bianco@gmail.com',    '3405174444',  'pbianco',   'member', true,  true),
    ('2',  'John',       'Doe',     'male',    'j.doe@gmail.com',       '1234567890',  'jdoe',      'member', false, true),
    ('3',  'Jane',       'Smith',   'female',  'j.smith@gmail.com',     '9876543210',  'jsmith',    'member', false, false),
    ('4',  'Michael',    'Johnson', 'male',    'm.johnson@gmail.com',   '5555555555',  'mjohnson',  'member', true,  true),
    ('5',  'Emily',      'Brown',   'female',  'e.brown@gmail.com',     '1111111111',  'ebrown',    'member', false, true),
    ('6',  'David',      'Wilson',  'male',    'd.wilson@gmail.com',    '2222222222',  'dwilson',   'member', false, false),
    ('7',  'Olivia',     'Johnson', 'female',  'o.johnson@gmail.com',   '3333333333',  'ojohnson',  'member', true,  false),
    ('8',  'James',      'Smith',   'male',    'j.smith@gmail.com',     '4444444444',  'jsmith',    'member', false, false),
    ('9',  'Sophia',     'Miller',  'female',  's.miller@gmail.com',    '5555555555',  'smiller',   'member', false, true),
    ('10', 'Benjamin',   'Davis',   'male',    'b.davis@gmail.com',     '6666666666',  'bdavis',    'member', false, false),
    ('11', 'Ava',        'Wilson',  'female',  'a.wilson@gmail.com',    '7777777777',  'awilson',   'member', true,  true),
    ('12', 'William',    'Anderson','male',    'w.anderson@gmail.com',  '8888888888',  'wanderson', 'member', false, false),
    ('13', 'Mia',        'Thomas',  'female',  'm.thomas@gmail.com',    '9999999999',  'mthomas',   'member', false, false),
    ('14', 'Alexander',  'Taylor',  'male',    'a.taylor@gmail.com',    '1111111111',  'ataylor',   'member', false, true),
    ('15', 'Charlotte',  'Clark',   'female',  'c.clark@gmail.com',     '2222222222',  'cclark',    'member', false, false),
    ('16', 'Daniel',     'Moore',   'male',    'd.moore@gmail.com',     '3333333333',  'dmoore',    'member', false, false),
    ('17', 'Amelia',     'Walker',  'female',  'a.walker@gmail.com',    '4444444444',  'awalker',   'clerk', false, false),
    ('18', 'Matthew',    'Lewis',   'male',    'm.lewis@gmail.com',     '5555555555',  'mlewis',    'admin', false, true),
    ('19', 'Ella',       'Harris',  'female',  'e.harris@gmail.com',    '6666666666',  'eharris',   'supervisor', false, true),
    ('20', 'Joseph',     'King',    'male',    'j.king@gmail.com',      '7777777777',  'jking',     'supervisor', true,  false)


# Availability
INSERT INTO "availability" 
    ("id","state","last_modified","timeSlotId","userOauthId") 
VALUES
    (1,  'free'         ,'2024-05-14 00:00:00', 51, '5' ),
    (2,  'free'         ,'2024-05-14 00:00:00', 53, '7' ),
    (3,  'free'         ,'2024-05-14 00:00:00', 55, '12'),
    (4,  'recovering'   ,'2024-05-14 00:00:00', 61, '19'),
    (5,  'free'         ,'2024-05-14 00:00:00', 71, '3' ),
    (6,  'free'         ,'2024-05-14 00:00:00', 78, '15'),
    (7,  'free'         ,'2024-05-14 00:00:00', 58, '11'),
    (8,  'free'         ,'2024-05-14 00:00:00', 57, '8' ),
    (9,  'free'         ,'2024-05-14 00:00:00', 64, '5' ),
    (10, 'recovering'   ,'2024-05-14 00:00:00', 53, '17'),
    (11, 'free'         ,'2024-05-14 00:00:00', 62, '2' ),
    (12, 'free'         ,'2024-05-14 00:00:00', 71, '9' ),
    (13, 'recovering'   ,'2024-05-14 00:00:00', 72, '14'),
    (14, 'free'         ,'2024-05-14 00:00:00', 74, '6' ),
    (15, 'free'         ,'2024-05-14 00:00:00', 75, '13'),
    (16, 'recovering'   ,'2024-05-14 00:00:00', 74, '10'),
    (17, 'free'         ,'2024-05-14 00:00:00', 71, '4' ),
    (18, 'free'         ,'2024-05-14 00:00:00', 64, '16'),
    (19, 'recovering'   ,'2024-05-14 00:00:00', 59, '18'),
    (20, 'free'         ,'2024-05-14 00:00:00', 57, '1' ),
    (21, 'interviewing' ,'2024-05-14 00:00:00', 66, '20'),
    (22, 'recovering'   ,'2024-05-14 00:00:00', 68, '19'),
    (23, 'free'         ,'2024-05-14 00:00:00', 69, '7' ),
    (24, 'interviewing' ,'2024-05-14 00:00:00', 70, '16'),
    (25, 'recovering'   ,'2024-05-14 00:00:00', 72, '15'),
    (26, 'free'         ,'2024-05-14 00:00:00', 73, '11'),
    (27, 'free'         ,'2024-05-14 00:00:00', 75, '14'),
    (28, 'recovering'   ,'2024-05-14 00:00:00', 76, '9' ),
    (29, 'free'         ,'2024-05-14 00:00:00', 77, '8' ),
    (30, 'free'         ,'2024-05-14 00:00:00', 78, '10'),
    (31, 'free'         ,'2024-05-14 00:00:00', 79, '13'),
    (32, 'free'         ,'2024-05-14 00:00:00', 80, '12'),
    (33, 'interviewing' ,'2024-05-14 00:00:00', 79, '20'),
    (34, 'free'         ,'2024-05-14 00:00:00', 78, '18'),
    (35, 'free'         ,'2024-05-14 00:00:00', 77, '17'),
    (36, 'interviewing' ,'2024-05-14 00:00:00', 76, '19'),
    (37, 'free'         ,'2024-05-14 00:00:00', 75, '16'),
    (38, 'free'         ,'2024-05-14 00:00:00', 74, '15'),
    (39, 'free'         ,'2024-05-14 00:00:00', 73, '14'),
    (40, 'free'         ,'2024-05-14 00:00:00', 72, '13'),
    (41, 'free'         ,'2024-05-14 00:00:00', 71, '12'),
    (42, 'interviewing' ,'2024-05-14 00:00:00', 70, '11'),
    (43, 'recovering'   ,'2024-05-14 00:00:00', 69, '10'),
    (44, 'free'         ,'2024-05-14 00:00:00', 68, '9' ),
    (45, 'interviewing' ,'2024-05-14 00:00:00', 67, '8' ),
    (46, 'free'         ,'2024-05-14 00:00:00', 66, '7' ),
    (47, 'free'         ,'2024-05-14 00:00:00', 65, '6' ),
    (48, 'interviewing' ,'2024-05-14 00:00:00', 64, '5' ),
    (49, 'recovering'   ,'2024-05-14 00:00:00', 63, '8' ),
    (50, 'free'         ,'2024-05-14 00:00:00', 62, '14'),
    (51, 'free'         ,'2024-05-14 00:00:00', 61, '4' ),
    (52, 'free'         ,'2024-05-14 00:00:00', 60, '13')
;

